District,Representative,Prior experience,Education,Assumed office,Residence,Born,Female,Black,Hispanic,Asian,Age
Alabama 1,Bradley Byrne,"Alabama Senate
Alabama State Board of Education","Duke University (BA)
University of Alabama (JD)",2014,Fairhope,1955,0,0,0,0,63
Alabama 2,Martha Roby,Montgomery City Council,"New York University (BM)
Samford University (JD)",2011,Montgomery,1976,1,0,0,0,42
Alabama 3,Mike Rogers,"Calhoun County Commissioner
Alabama House of Representatives","Jacksonville State University (BA, MPA)
Birmingham School of Law (JD)",2003,Saks,1958,0,0,0,0,60
Alabama 4,Robert Aderholt,Haleyville Municipal Judge,"University of North Alabama
Birmingham–Southern College (BA)
Samford University (JD)",1997,Haleyville,1965,0,0,0,0,53
Alabama 5,Mo Brooks,"Alabama House of Representatives
Madison County Commissioner","Duke University (BA)
University of Alabama (JD)",2011,Huntsville,1954,0,0,0,0,64
Alabama 6,Gary Palmer,Policy analyst,University of Alabama (BS),2015,Hoover,1954,0,0,0,0,64
Alabama 7,Terri Sewell,Attorney,"Princeton University (BA)
St Hilda's College, Oxford (MA)
Harvard University (JD)",2011,Birmingham,1965,1,1,0,0,53
Alaska at large,Don Young,"Alaska Senate
Ship captain
Mayor of Fort Yukon, Alaska","Yuba College
California State University, Chico (BA)",1973,Fort Yukon,1933,0,0,0,0,85
Arizona 1,Tom O'Halleran,Arizona Senate,"Lewis University
DePaul University",2017,Sedona,1946,0,0,0,0,72
Arizona 2,Martha McSally,USAF Colonel,"United States Air Force Academy (BS)
Harvard University (MPP)",2015,Tucson,1966,1,0,0,0,52
Arizona 3,Raúl Grijalva,Pima County Board of Supervisors,University of Arizona (BA),2003,Tucson,1948,0,0,1,0,70
Arizona 4,Paul Gosar,President of the Northern Arizona Dental Society,"Creighton University (BS, DDS)",2011,Prescott,1958,0,0,0,0,60
Arizona 5,Andy Biggs,Arizona Senate,"Brigham Young University (BA)
University of Arizona (JD)
Arizona State University, Phoenix (MA)",2017,Gilbert,1958,0,0,0,0,60
Arizona 6,David Schweikert,"Arizona House of Representatives
Arizona Board of Education
Arizona Board of Equalization
Maricopa County Treasurer","Arizona State University, Tempe (BS, MBA)",2011,Scottsdale,1962,0,0,0,0,56
Arizona 7,Ruben Gallego,Arizona House of Representatives,Harvard University (BA),2015,Phoenix,1979,0,0,0,0,39
Arizona 8,Debbie Lesko,"Arizona House of Representatives
Arizona Senate
 President Pro Tempore of Arizona Senate",University of Wisconsin–Madison (BA),2018,Peoria,1958,1,0,0,0,60
Arizona 9,Kyrsten Sinema,"Arizona Senate, Arizona House of Representatives","Brigham Young University (BA)
Arizona State University, Tempe (MSW, JD, PhD)",2013,Phoenix,1976,1,0,0,0,42
Arkansas 1,Rick Crawford,"Broadcaster, businessman",Arkansas State University (BS),2011,Jonesboro,1966,0,0,0,0,52
Arkansas 2,French Hill,Businessman,Vanderbilt University (BS),2015,Little Rock,1956,0,0,0,0,62
Arkansas 3,Steve Womack,"Mayor of Rogers, Arkansas",Arkansas Tech University (BA),2011,Rogers,1957,0,0,0,0,61
Arkansas 4,Bruce Westerman,Arkansas House of Representatives,"University of Arkansas (BS)
Yale University (MS)",2015,Hot Springs,1967,0,0,0,0,51
California 1,Doug LaMalfa,"California State Senate
California State Assembly","Butte College
California Polytechnic State University (BS)",2013,Richvale,1960,0,0,0,0,58
California 2,Jared Huffman,California State Assembly,"University of California, Santa Barbara (BA)
Boston College (JD)",2013,San Rafael,1964,0,0,0,0,54
California 3,John Garamendi,"United States Deputy Secretary of the Interior
various state offices","University of California, Berkeley (BA)
Harvard University (MBA)",2009,Walnut Grove,1945,0,0,0,0,73
California 4,Tom McClintock,"California Senate
California State Assembly","University of California, Los Angeles (BA)",2009,Elk Grove,1956,0,0,0,0,62
California 5,Mike Thompson,California State Senate,"Napa Valley College
California State University, Chico (BA, MPA)",1999,St. Helena,1951,0,0,0,0,67
California 6,Doris Matsui,"Sacramento, California City Council","University of California, Berkeley (BA)",2005,Sacramento,1944,1,0,0,1,74
California 7,Ami Bera,"Chief Medical Officer of Sacramento County, California","University of California, Irvine (BS, MD)",2013,Elk Grove,1965,0,0,0,1,53
California 8,Paul Cook,California State Assembly,"Southern Connecticut State University (BS)
California State University, San Bernardino (MPA)
University of California, Riverside (MA)",2013,Yucca Valley,1943,0,0,0,0,75
California 9,Jerry McNerney,Engineering executive,"United States Military Academy
University of New Mexico (BS, MS, PhD)",2007,Stockton,1951,0,0,0,0,67
California 10,Jeff Denham,California State Senate,"Victor Valley College
California Polytechnic State University (BA)",2011,Atwater,1967,0,0,0,0,51
California 11,Mark DeSaulnier,"California State Senate
California State Assembly
Contra Costa County Board of Supervisors",College of the Holy Cross (BA),2015,Concord,1952,0,0,0,0,66
California 12,Nancy Pelosi,"Current House Minority Leader
California Democratic Party Chair",Trinity Washington University (BA),1987,San Francisco,1940,1,0,0,0,78
California 13,Barbara Lee,California State Assembly,"Mills College (BA)
University of California, Berkeley (MSW)",1998,Oakland,1946,1,1,0,0,72
California 14,Jackie Speier,"California State Senate
California State Assembly
San Mateo County Board of Supervisors","University of California, Davis (BA)
University of California, Hastings (JD)",2008,Hillsborough,1950,1,0,0,0,68
California 15,Eric Swalwell,Dublin City Council,"Campbell University
University of Maryland, College Park (BA)
University of Maryland, Baltimore (JD)",2013,Dublin,1980,0,0,0,0,38
California 16,Jim Costa,"California State Senate
California State Assembly","California State University, Fresno (BA)",2005,Fresno,1952,0,0,0,0,66
California 17,Ro Khanna,"Lawyer, author, educator","University of Chicago (BA)
Yale University (JD)",2017,Fremont,1976,0,0,0,1,42
California 18,Anna Eshoo,San Mateo County Board of Supervisors,Cañada College,1993,Atherton,1942,1,0,0,0,76
California 19,Zoe Lofgren,Santa Clara County Board of Supervisors,"Stanford University (BA)
Santa Clara University (JD)",1995,San Jose,1947,1,0,0,0,71
California 20,Jimmy Panetta,Deputy district attorney of Monterey County,"Monterey Peninsula College
University of California, Davis (BA)
Santa Clara University (JD)",2017,Carmel Valley,1969,0,0,0,0,49
California 21,David Valadao,California State Assembly,College of the Sequoias,2013,Hanford,1977,0,0,0,0,41
California 22,Devin Nunes,"California State Director for the
United States Department of Agriculture's Rural Development Section","College of the Sequoias
California Polytechnic State University (BS, MS)",2003,Tulare,1973,0,0,0,0,45
California 23,Kevin McCarthy,"Current Majority Leader
California State Assembly","California State University, Bakersfield (BS, MBA)",2007,Bakersfield,1965,0,0,0,0,53
California 24,Salud Carbajal,"Santa Barbara County, California Board of Supervisors","University of California, Santa Barbara (BA)
Fielding Graduate University (MA)",2017,Santa Barbara,1964,0,0,1,0,54
California 25,Steve Knight,"California State Senate
California State Assembly
Palmdale City Council",Antelope Valley College,2015,Palmdale,1966,0,0,0,0,52
California 26,Julia Brownley,California State Assembly,"George Washington University (BA)
American University (MBA)",2013,Oak Park,1952,1,0,0,0,66
California 27,Judy Chu,"Mayor of Monterey Park
Monterey Park City Council
California State Assembly
California State Board of Equalization","University of California, Los Angeles (BA)
Alliant International University (MA, PhD)",2009,Monterey Park,1953,1,0,0,1,65
California 28,Adam Schiff,"California State Senate
Assistant Prosecutor for the
United States Attorney for the Southern District of California","Stanford University (BA)
Harvard University (JD)",2001,Burbank,1960,0,0,0,0,58
California 29,Tony Cárdenas,Los Angeles City Council,"University of California, Santa Barbara (BS)",2013,San Fernando Valley,1963,0,0,1,0,55
California 30,Brad Sherman,California Board of Equalization,"University of California, Los Angeles (BA)
Harvard University (JD)",1997,Sherman Oaks,1954,0,0,0,0,64
California 31,Pete Aguilar,Mayor of Redlands,University of Redlands (BS),2015,Fontana,1979,0,0,1,0,39
California 32,Grace Napolitano,California State Assembly,"Cerritos College
Texas Southmost College",1999,Norwalk,1936,1,0,1,0,82
California 33,Ted Lieu,"California State Senate
California State Assembly","Stanford University (BA, BS)
Georgetown University (JD)",2015,Torrance,1969,0,0,0,1,49
California 34,Jimmy Gomez,California State Assembly,"University of California, Los Angeles (BA)
Harvard University (MPP)",2017,Los Angeles,1974,0,0,1,0,44
California 35,Norma Torres,"California State Senate
California State Assembly
Mayor of Pomona",National Labor College (BA),2015,Pomona,1965,1,0,1,0,53
California 36,Raul Ruiz,Emergency physician,"University of California, Los Angeles (BS)
Harvard University (MD, MPP, MPH)",2013,Palm Desert,1972,0,0,1,0,46
California 37,Karen Bass,Speaker of the California State Assembly,"San Diego State University
California State University, Dominguez Hills (BS)",2011,Baldwin Hills,1953,1,1,0,0,65
California 38,Linda Sánchez,Attorney,"University of California, Berkeley (BA)
University of California, Los Angeles (JD)",2003,Orange,1969,1,0,1,0,49
California 39,Ed Royce,California State Senate,"California State University, Fullerton (BS)",1993,Fullerton,1951,0,0,0,0,67
California 40,Lucille Roybal-Allard,public relations executive,"California State University, Los Angeles (BA)",1993,Downey,1941,1,0,1,0,77
California 41,Mark Takano,Teacher,"Harvard University (BA)
University of California, Riverside (MFA)",2013,Riverside,1960,0,0,0,1,58
California 42,Ken Calvert,Real Estate Executive,"Chaffey College
San Diego State University (BA)",1993,Corona,1953,0,0,0,0,65
California 43,Maxine Waters,California State Assembly,"California State University, Los Angeles (BA)",1991,Inglewood,1938,1,1,0,0,80
California 44,Nanette Barragán,Hermosa Beach City Council,"University of California, Los Angeles (BA)
University of Southern California (JD)",2017,San Pedro,1976,0,0,1,0,42
California 45,Mimi Walters,"California State Senate
California State Assembly
Mayor of Laguna Niguel","University of California, Los Angeles (BA)",2015,Laguna Niguel,1962,1,0,0,0,56
California 46,Lou Correa,"California State Senate
Orange County Board of Supervisors
California State Assembly","California State University, Fullerton (BA)
University of California, Los Angeles (JD, MBA)",2017,Santa Ana,1958,0,0,1,0,60
California 47,Alan Lowenthal,"California State Senate
California State Assembly","Hobart College (BA)
Ohio State University (MA, PhD)",2013,Long Beach,1941,0,0,0,0,77
California 48,Dana Rohrabacher,Special assistant to President Reagan,"Los Angeles Harbor College
California State University, Long Beach (BA)
University of Southern California (MA)",1989,Costa Mesa,1947,0,0,0,0,71
California 49,Darrell Issa,Electronics executive,"Kent State University at Stark
Siena Heights University (BA)",2001,Vista,1953,0,0,0,0,65
California 50,Duncan D. Hunter,"Military officer, businessman",San Diego State University (BS),2009,Lakeside,1976,0,0,0,0,42
California 51,Juan Vargas,"California State Senate
California State Assembly
San Diego City Council","University of San Diego (BA)
Fordham University (MA)
Harvard University (JD)",2013,Golden Hill,1961,0,0,1,0,57
California 52,Scott Peters,"San Diego City Council
San Diego Port Commission","Duke University (BA)
New York University (JD)",2013,La Jolla,1958,0,0,0,0,60
California 53,Susan Davis,"California State Assembly
San Diego School Board","University of California, Berkeley (BA)
University of North Carolina at Chapel Hill (MSW)",2001,San Diego,1944,1,0,0,0,74
Colorado 1,Diana DeGette,Colorado House of Representatives,"Colorado College (BA)
New York University (JD)",1997,Denver,1957,1,0,0,0,61
Colorado 2,Jared Polis,"Colorado State Board of Education
Internet Executive",Princeton University (BA),2009,Boulder,1975,0,0,0,0,43
Colorado 3,Scott Tipton,Colorado House of Representatives,Fort Lewis College (BA),2011,Cortez,1956,0,0,0,0,62
Colorado 4,Ken Buck,"Weld County District Attorney
Prosecutor U.S. Attorney's Office","Princeton University (BA)
University of Wyoming (JD)",2015,Greeley,1959,0,0,0,0,59
Colorado 5,Doug Lamborn,"President pro tempore of the Colorado Senate
Colorado House of Representatives","University of Kansas (BS, JD)",2007,Colorado Springs,1954,0,0,0,0,64
Colorado 6,Mike Coffman,"Secretary of State of Colorado
Colorado State Treasurer
Colorado Senate
Colorado House of Representatives",University of Colorado Boulder (BA),2009,Aurora,1955,0,0,0,0,63
Colorado 7,Ed Perlmutter,Colorado Senate,"University of Colorado Boulder (BA, JD)",2007,Lakewood,1953,0,0,0,0,65
Connecticut 1,John B. Larson,"Connecticut Senate
East Hartford, Connecticut City Council
East Hartford, Connecticut Board of Education",Central Connecticut State University (BA),1999,East Hartford,1948,0,0,0,0,70
Connecticut 2,Joe Courtney,Connecticut House of Representatives,"Tufts University (BA)
University of Connecticut (JD)",2007,Vernon,1953,0,0,0,0,65
Connecticut 3,Rosa DeLauro,"Executive Director of EMILY's List
Political aide","Fordham University (BA)
London School of Economics
(MA)
Columbia University (MA)",1991,New Haven,1943,1,0,0,0,75
Connecticut 4,Jim Himes,"Financial executive
Greenwich Housing Authority Board","Harvard University (BA)
St Edmund Hall, Oxford (MPhil)",2009,Cos Cob,1966,0,0,0,0,52
Connecticut 5,Elizabeth Esty,Connecticut House of Representatives,"Harvard University (BA)
Yale University (JD)",2013,Cheshire,1959,1,0,0,0,59
Delaware at large,Lisa Blunt Rochester,"Delaware Labor Secretary, Delaware Personnel Director","Fairleigh Dickinson University
(BA)
University of Delaware (MA)",2017,Wilmington,1962,1,1,0,0,56
Florida 1,Matt Gaetz,Florida House of Representatives,"Florida State University (BS)
College of William & Mary (JD)",2017,Fort Walton Beach,1982,0,0,0,0,36
Florida 2,Neal Dunn,Surgeon,"Washington and Lee University (BS)
George Washington University (MD)",2017,Panama City,1953,0,0,0,0,65
Florida 3,Ted Yoho,Veterinarian,"Broward College
University of Florida (BS, DVM)",2013,Gainesville,1955,0,0,0,0,63
Florida 4,John Rutherford,Sheriff of Jacksonville,"Florida State College
Florida State University (BS)",2017,Jacksonville,1952,0,0,0,0,66
Florida 5,Al Lawson,Florida Senate,"Florida A&M University (BA)
Florida State University (MPA)",2017,Tallahassee,1948,0,1,0,0,70
Florida 6,,,,,,,,,,,2018
Florida 7,Stephanie Murphy,"Advisor, educator","College of William & Mary (BA)
Georgetown University (MS)",2017,Winter Park,1978,1,0,0,1,40
Florida 8,Bill Posey,"Florida Senate
Florida House of Representatives
Rockledge, Florida City Council",Eastern Florida State College,2009,Rockledge,1947,0,0,0,0,71
Florida 9,Darren Soto,"Florida Senate
Florida House of Representatives","Rutgers University–New Brunswick (BA)
George Washington University (JD)",2017,Orlando,1978,0,0,0,0,40
Florida 10,Val Demings,Chief of the Orlando Police Department,Florida State University (BS),2017,Orlando,1957,1,1,0,0,61
Florida 11,Daniel Webster,"Florida Senate
Speaker of Florida House of Representatives",Georgia Institute of Technology (BS),2011,Winter Garden,1949,0,0,0,0,69
Florida 12,Gus Bilirakis,Florida House of Representatives,"St. Petersburg College
University of Florida (BA)
Stetson University (JD)",2007,Palm Harbor,1963,0,0,0,0,55
Florida 13,Charlie Crist,"Governor of Florida
Attorney General of Florida
Education Commissioner of Florida
Florida Senate","Wake Forest University
Florida State University (BA)
Samford University (JD)",2017,St. Petersburg,1956,0,0,0,0,62
Florida 14,Kathy Castor,"Assistant General Counsel to the Florida Department of Community Affairs
President of the Florida Association of Women Lawyers
Hillsborough County, Florida Board of Commissioners","Emory University (BA)
Florida State University (JD)",2007,Tampa,1966,1,0,0,0,52
Florida 15,Dennis Ross,Florida House of Representatives,"University of Florida
Auburn University (BA)
Samford University (JD)",2011,Lakeland,1959,0,0,0,0,59
Florida 16,Vern Buchanan,Auto Dealer,"Cleary University (BA)
University of Detroit Mercy (MBA)",2007,Longboat Key,1951,0,0,0,0,67
Florida 17,Tom Rooney,"Criminal Prosecutor Florida Department of Justice
Attorney","Syracuse University
Washington & Jefferson College (BA)
University of Florida (MA)
University of Miami (JD)",2009,Okeechobee,1970,0,0,0,0,48
Florida 18,Brian Mast,U.S. Army Soldier,"Palm Beach Atlantic University
American Military University
Harvard University (BLA)",2017,Hutchinson Island,1980,0,0,0,0,38
Florida 19,Francis Rooney,United States Ambassador to the Holy See,"Georgetown University (BA, JD)",2017,Naples,1953,0,0,0,0,65
Florida 20,Alcee Hastings,Judge of the United States District Court for the Southern District of Florida,"Howard University
Fisk University (BA)
Florida A&M University (JD)",1993,Miramar,1936,0,1,0,0,82
Florida 21,Lois Frankel,"Mayor of West Palm Beach
Florida House of Representatives","Boston University (BA)
Georgetown University (JD)",2013,West Palm Beach,1948,1,0,0,0,70
Florida 22,Ted Deutch,Florida Senate,"University of Michigan (BA, JD)",2010,Boca Raton,1966,0,0,0,0,52
Florida 23,Debbie Wasserman Schultz,"Florida Senate
Florida House of Representatives
Democratic National Committee Chair","University of Florida (BA, MA)",2005,Weston,1966,1,0,0,0,52
Florida 24,Frederica Wilson,"Florida Senate
Florida House of Representatives
Miami-Dade County Public Schools Board","Fisk University (BA)
University of Miami (MA)",2011,Miami Gardens,1942,1,1,0,0,76
Florida 25,Mario Díaz-Balart,"Florida Senate, Florida House of Representatives",University of South Florida (BA),2003,Miami,1961,0,0,1,0,57
Florida 26,Carlos Curbelo,"Public administrator, Miami-Dade County Public Schools Board","University of Miami (BA, MPA)",2015,Kendall,1980,0,0,1,0,38
Florida 27,Ileana Ros-Lehtinen,"Florida Senate
Florida House of Representatives","Miami Dade College
Florida International University (BA, MA)
University of Miami (EdD)",1989,Miami,1952,1,0,1,0,66
Georgia 1,Buddy Carter,"Georgia State Senate
Georgia House of Representatives
Mayor of Pooler","Young Harris College
University of Georgia (BS)",2015,Pooler,1957,0,0,0,0,61
Georgia 2,Sanford Bishop,"Georgia State Senate
Georgia House of Representatives","Morehouse College (BA)
Emory University (JD)",1993,Albany,1947,0,1,0,0,71
Georgia 3,Drew Ferguson,"Mayor of West Point, Georgia","University of Georgia (BS)
Augusta University (DMD)",2017,West Point,1966,0,0,0,0,52
Georgia 4,Hank Johnson,"DeKalb County, Georgia Commissioner
Associate Magistrate Judge","Clark Atlanta University (BA)
Texas Southern University (JD)",2007,Lithonia,1954,0,1,0,0,64
Georgia 5,John Lewis,"Atlanta City Council
Student Nonviolent Coordinating Committee Chair","American Baptist College (BA)
Fisk University (BA)",1987,Atlanta,1940,0,1,0,0,78
Georgia 6,Karen Handel,"businesswoman
non-profit executive
Secretary of State of Georgia","Prince George's Community College
University of Maryland University College",2017,Roswell,1962,1,0,0,0,56
Georgia 7,Rob Woodall,"Political aide
Attorney","Furman University (BA)
University of Georgia (JD)",2011,Peachtree Corners,1970,0,0,0,0,48
Georgia 8,Austin Scott,Georgia House of Representatives,University of Georgia (BA),2011,Tifton,1969,0,0,0,0,49
Georgia 9,Doug Collins,Georgia House of Representatives,"University of North Georgia (BA)
New Orleans Baptist Theological Seminary (MDiv)
Atlanta's John Marshall Law School (JD)",2013,Gainesville,1966,0,0,0,0,52
Georgia 10,Jody Hice,"Radio show host
Southern Baptist pastor","Asbury University (BA)
Southwestern Baptist Theological Seminary (MDiv)
Luther Rice College and Seminary (DMin)",2015,Bethlehem,1960,0,0,0,0,58
Georgia 11,Barry Loudermilk,"Georgia State Senate
Georgia House of Representatives","Air University
Wayland Baptist University (BS)",2015,Cassville,1963,0,0,0,0,55
Georgia 12,Rick W. Allen,Businessman,Auburn University (BS),2015,Augusta,1951,0,0,0,0,67
Georgia 13,David Scott,"Georgia State Senate
Georgia House of Representatives","Florida A&M University (BA)
University of Pennsylvania (MBA)",2003,Atlanta,1945,0,1,0,0,73
Georgia 14,Tom Graves,"Georgia House of Representatives,",University of Georgia (BA),2010,Ranger,1970,0,0,0,0,48
Hawaii 1,Colleen Hanabusa,Hawaii Senate,"University of Hawaii at Manoa (BA, MA, JD)",2016,Honolulu,1951,1,0,0,1,67
Hawaii 2,Tulsi Gabbard,"Honolulu City Council
Hawaii House of Representatives",Hawaii Pacific University (BS),2013,"West Oahu, Honolulu",1981,1,0,0,1,37
Idaho 1,Raúl Labrador,Idaho House of Representatives,"Brigham Young University (BA)
University of Washington (JD)",2011,Eagle,1967,0,0,1,0,51
Idaho 2,Mike Simpson,"Speaker of the Idaho House of Representatives
Blackfoot, Idaho City Council","Utah State University (BS)
Washington University in St. Louis (DMD)",1999,Idaho Falls,1950,0,0,0,0,68
Illinois 1,Bobby Rush,Chicago City Council,"Roosevelt University (BGS)
University of Illinois at Chicago (MA)
McCormick Theological Seminary (MA)",1993,Englewood,1946,0,1,0,0,72
Illinois 2,Robin Kelly,"Illinois House of Representatives
Chief of Staff to the Illinois Treasurer
Chief Administrative Officer to the Cook County President","Bradley University (BA, MA)
Northern Illinois University (PhD)",2013,Matteson,1956,1,1,0,0,62
Illinois 3,Dan Lipinski,Member of the University of Notre Dame and University of Tennessee Faculty,"Northwestern University (BS)
Stanford University (MS)
Duke University (PhD)",2005,Western Springs,1966,0,0,0,0,52
Illinois 4,Luis Gutiérrez,Chicago City Council,Northeastern Illinois University (BA),1993,Lincoln Park,1953,0,0,1,0,65
Illinois 5,Mike Quigley,Cook County Board of Commissioners,"Roosevelt University (BA)
University of Chicago (MPP)
Loyola University Chicago (JD)",2009,Lincoln Park,1958,0,0,0,0,60
Illinois 6,Peter Roskam,"Illinois Senate
Illinois House of Representatives","University of Illinois at Urbana–Champaign (BA)
Illinois Institute of Technology (JD)",2007,Arlington Heights,1961,0,0,0,0,57
Illinois 7,Danny K. Davis,"Chicago City Council
Cook County Board of Commissioners","University of Arkansas at Pine Bluff (BA)
Chicago State University (MS)
Union Institute & University (PhD)",1997,Austin,1941,0,1,0,0,77
Illinois 8,Raja Krishnamoorthi,"Public Servant
Lawyer","Princeton University (BS)
Harvard University (JD)",2017,Schaumburg,1973,0,0,0,1,45
Illinois 9,Jan Schakowsky,Illinois House of Representatives,University of Illinois at Urbana–Champaign (BS),1999,Evanston,1944,1,0,0,0,74
Illinois 10,Brad Schneider,U.S. House,"Northwestern University (BS, MBA)",2017,Deerfield,1961,0,0,0,0,57
Illinois 11,Bill Foster,U.S. House,"University of Wisconsin–Madison (BS)
Harvard University (MS, PhD)",2013,Naperville,1955,0,0,0,0,63
Illinois 12,Mike Bost,Illinois House of Representatives,–,2015,Murphysboro,1960,0,0,0,0,58
Illinois 13,Rodney Davis,Congressional Staffer,Millikin University (BA),2013,Taylorville,1970,0,0,0,0,48
Illinois 14,Randy Hultgren,"Illinois Senate
Illinois House of Representatives
DuPage County, Illinois Board of Commissioners","Bethel University, Minnesota (BA)
Illinois Institute of Technology (JD)",2011,Plano,1966,0,0,0,0,52
Illinois 15,John Shimkus,"Madison County, Illinois Treasurer","United States Military Academy (BS)
Southern Illinois University Edwardsville (MBA)",1997,Collinsville,1958,0,0,0,0,60
Illinois 16,Adam Kinzinger,"McLean County, Illinois Board of Commissioners",Illinois State University (BA),2011,Rockford,1978,0,0,0,0,40
Illinois 17,Cheri Bustos,East Moline City Council,"University of Maryland, College Park (BA)
University of Illinois, Springfield (MA)",2013,East Moline,1961,1,0,0,0,57
Illinois 18,Darin LaHood,"Illinois Senate
Prosecutor U.S. Attorney's Office
Deputy Prosecutor Tazewell County, Illinois","Loras College (BA)
John Marshall Law School, Chicago (JD)",2015,Dunlap,1968,0,0,0,0,50
Indiana 1,Pete Visclosky,"Attorney
Congressional aide","Indiana University Northwest (BA)
University of Notre Dame (JD)
Georgetown University (LLM)",1985,Merrillville,1949,0,0,0,0,69
Indiana 2,Jackie Walorski,Indiana House of Representatives,"Liberty University
Taylor University (BA)",2013,Jimtown,1963,1,0,0,0,55
Indiana 3,Jim Banks,Indiana Senate,"Indiana University Bloomington (BA)
Grace College & Seminary (MBA)",2017,Columbia City,1979,0,0,0,0,39
Indiana 4,Todd Rokita,Indiana Secretary of State,"Wabash College (BA)
Indiana University, Indianapolis (JD)",2011,Brownsburg,1970,0,0,0,0,48
Indiana 5,Susan Brooks,"U.S. Attorney for Southern Indiana
Deputy Mayor of Indianapolis","Miami University (BA)
Indiana University, Indianapolis (JD)",2013,Carmel,1960,1,0,0,0,58
Indiana 6,Luke Messer,Indiana House of Representatives,"Wabash College (BA)
Vanderbilt University (JD)",2013,Shelbyville,1969,0,0,0,0,49
Indiana 7,André Carson,Indianapolis City-County Council,"Concordia University Wisconsin (BA)
Indiana Wesleyan University (MS)",2008,"Center Township, Marion County",1974,0,1,0,0,44
Indiana 8,Larry Bucshon,Heart Surgeon,"University of Illinois at Urbana–Champaign (BS)
University of Illinois at Chicago (MD)",2011,Newburgh,1962,0,0,0,0,56
Indiana 9,Trey Hollingsworth,CEO of Hollingsworth Capital Partners,"University of Pennsylvania (BS)
Georgetown University (MPP)",2017,Jeffersonville,1983,0,0,0,0,35
Iowa 1,Rod Blum,Businessman,"Loras College (BA)
University of Dubuque (MBA)",2015,Dubuque,1955,0,0,0,0,63
Iowa 2,Dave Loebsack,Professor,"Iowa State University (BA, MA)
University of California, Davis (PhD)",2007,Iowa City,1952,0,0,0,0,66
Iowa 3,David Young,Congressional aide,Drake University (BA),2015,Van Meter,1968,0,0,0,0,50
Iowa 4,Steve King,Iowa Senate,Northwest Missouri State University,2003,Kiron,1949,0,0,0,0,69
Kansas 1,Roger Marshall,Obstetrician,"Kansas State University (BS)
University of Kansas (MD)",2017,Great Bend,1960,0,0,0,0,58
Kansas 2,Lynn Jenkins,"Kansas State Treasurer
Kansas Senate
Kansas House of Representatives","Kansas State University
Weber State University (BS)",2009,Topeka,1963,1,0,0,0,55
Kansas 3,Kevin Yoder,Kansas House of Representatives,"University of Kansas (BA, JD)",2011,Overland Park,1976,0,0,0,0,42
Kansas 4,Ron Estes,Kansas State Treasurer,"Tennessee Technological University (BS, MBA)",2017,Wichita,1956,0,0,0,0,62
Kentucky 1,James Comer,"Kentucky House of Representatives
Agriculture Commissioner of Kentucky",Western Kentucky University (BS),2016,Tompkinsville,1972,0,0,0,0,46
Kentucky 2,Brett Guthrie,Kentucky Senate,"United States Military Academy (BS)
Yale University (MBA)",2009,Bowling Green,1964,0,0,0,0,54
Kentucky 3,John Yarmuth,"Newspaper Publisher
Vice-President for University Relations University of Louisville","Yale University (BA)
Georgetown University",2007,Louisville,1947,0,0,0,0,71
Kentucky 4,Thomas Massie,"Judge-Executive of Lewis County, Kentucky","Massachusetts Institute of Technology (BS, MS)",2012,Garrison,1971,0,0,0,0,47
Kentucky 5,Hal Rogers,"Commonwealth's Attorney for Pulaski and Rockcastle County, Kentucky","Western Kentucky University (BA)
University of Kentucky (LLB)",1981,Mount Vernon,1937,0,0,0,0,81
Kentucky 6,Andy Barr,Attorney,"University of Virginia (BA)
University of Kentucky (JD)",2013,Lexington,1973,0,0,0,0,45
Louisiana 1,Steve Scalise,"Current Majority Whip
Louisiana State Senate, Louisiana House of Representatives",Louisiana State University (BS),2008,Jefferson,1965,0,0,0,0,53
Louisiana 2,Cedric Richmond,Louisiana House of Representatives,"Morehouse College (BA)
Tulane University (JD)",2011,New Orleans,1973,0,1,0,0,45
Louisiana 3,Clay Higgins,"Reserve Deputy Marshal of Lafayette, Louisiana",Louisiana State University,2017,Port Barre,1961,0,0,0,0,57
Louisiana 4,Mike Johnson,Louisiana House of Representatives,"Louisiana State University (BA, JD)",2017,Benton,1972,0,0,0,0,46
Louisiana 5,Ralph Abraham,Physician,"Louisiana State University (BS, DVM)
LSU New Orleans (MD)",2015,Mangham,1954,0,0,0,0,64
Louisiana 6,Garret Graves,Louisiana Coastal Protection and Restoration Authority,"University of Alabama
Louisiana Tech University
American University",2015,Baton Rouge,1972,0,0,0,0,46
Maine 1,Chellie Pingree,"Majority Leader Maine State Senate
President Common Cause","University of Southern Maine
College of the Atlantic (BS)",2009,North Haven,1955,1,0,0,0,63
Maine 2,Bruce Poliquin,Maine State Treasurer,Harvard University (BA),2015,Waterville,1953,0,0,0,0,65
Maryland 1,Andy Harris,"Maryland State Senate
Anesthesiologist","Johns Hopkins University (BS, MD, MHS)",2011,Cockeysville,1957,0,0,0,0,61
Maryland 2,Dutch Ruppersberger,"Baltimore County Executive
Chief of the Office of Investigative Division for Maryland's Department of Justice
Baltimore County Assistant State's Attorney","Baltimore City College
University of Maryland, College Park (BA)
University of Baltimore (JD)",2003,Baltimore,1946,0,0,0,0,72
Maryland 3,John Sarbanes,"Attorney, Law Clerk","Princeton University (BA)
Harvard University (JD)",2007,Towson,1962,0,0,0,0,56
Maryland 4,Anthony G. Brown,"Lieutenant Governor of Maryland
Maryland House of Delegates","Harvard University (BA, JD)",2017,Lanham,1961,0,1,0,0,57
Maryland 5,Steny Hoyer,"Current Minority Whip
President of the Maryland State Senate, Maryland Board of Higher Education","University of Maryland, College Park (BA)
Georgetown University (JD)",1981,Mechanicsville,1939,0,0,0,0,79
Maryland 6,John Delaney,Businessman,"Columbia University (BS)
Georgetown University (JD)",2013,"Hagerstown, Frederick",1963,0,0,0,0,55
Maryland 7,Elijah Cummings,Speaker pro tempore of the Maryland House of Delegates,"Baltimore City College
Howard University (BA)
University of Maryland, Baltimore (JD)",1996,Baltimore,1951,0,1,0,0,67
Maryland 8,Jamie Raskin,Maryland State Senate Majority Whip,"Harvard University (BA, JD)",2017,Takoma Park,1962,0,0,0,0,56
Massachusetts 1,Richard Neal,Mayor of Springfield,"Holyoke Community College
American International College (BA)
University of Hartford (MA)",1989,Springfield,1949,0,0,0,0,69
Massachusetts 2,Jim McGovern,Congressional staff member,"American University (BA, MPA)",1997,Worcester,1959,0,0,0,0,59
Massachusetts 3,Niki Tsongas,Dean of External Affairs at Middlesex Community College,"Michigan State University
Smith College (BA)
Boston University (JD)",2007,Lowell,1946,1,0,0,0,72
Massachusetts 4,Joe Kennedy,"Prosecutor
assistant district attorney","Stanford University (BA)
Harvard University (JD)",2013,Brookline,1980,0,0,0,0,38
Massachusetts 5,Katherine Clark,"Massachusetts Senate
Massachusetts House of Representatives
Attorney","St. Lawrence University (BA)
Cornell University (JD)
Harvard University (MPA)",2013,Melrose,1963,1,0,0,0,55
Massachusetts 6,Seth Moulton,"Businessman
Activist
U.S. Marine Corps Captain","Harvard University (BS, MBA, MPP)",2015,Salem,1978,0,0,0,0,40
Massachusetts 7,Mike Capuano,Mayor of Somerville,"Dartmouth College (BA)
Boston College (JD)",1999,Somerville,1952,0,0,0,0,66
Massachusetts 8,Stephen F. Lynch,"Massachusetts Senate
Massachusetts House of Representatives","Wentworth Institute of Technology (BS)
Boston College (JD)
Harvard University (MPA)",2001,Boston,1955,0,0,0,0,63
Massachusetts 9,Bill Keating,"Massachusetts House of Representatives
Massachusetts Senate
Norfolk County District Attorney","Boston College (BA, MBA)
Suffolk University (JD)",2011,Bourne,1952,0,0,0,0,66
Michigan 1,Jack Bergman,U.S. Marine Corps Lieutenant General,"Gustavus Adolphus College (BA)
University of West Florida (MBA)",2017,Watersmeet,1947,0,0,0,0,71
Michigan 2,Bill Huizenga,Michigan House of Representatives,Calvin College (BA),2011,Zeeland,1969,0,0,0,0,49
Michigan 3,Justin Amash,Michigan House of Representatives,"University of Michigan (BA, JD)",2011,Cascade Township,1980,0,0,0,0,38
Michigan 4,John Moolenaar,"Michigan Senate
Michigan House of Representatives","Hope College (BS)
Harvard University (MPA)",2015,Midland,1961,0,0,0,0,57
Michigan 5,Dan Kildee,Genessee County Treasurer,"University of Michigan–Flint
Central Michigan University (BS)",2013,Flint Township,1958,0,0,0,0,60
Michigan 6,Fred Upton,U.S. government administrator,University of Michigan (BA),1987,St. Joseph,1953,0,0,0,0,65
Michigan 7,Tim Walberg,"U.S. House
Michigan House of Representatives","Western Illinois University
Moody Bible Institute
Taylor University (BA)
Wheaton College, Illinois (MA)",2011,Tipton,1951,0,0,0,0,67
Michigan 8,Mike Bishop,"Michigan Senate Majority Leader
Michigan House of Representatives","University of Michigan (BA)
Michigan State University (JD)",2015,Rochester Hills,1967,0,0,0,0,51
Michigan 9,Sander Levin,"Michigan Senate
U.S. Government administrator","University of Chicago (BA)
Columbia University (MA)
Harvard University (LLB)",1983,Royal Oak,1931,0,0,0,0,87
Michigan 10,Paul Mitchell,Businessman,Michigan State University (BA),2017,Dryden Township,1961,0,0,0,0,57
Michigan 11,David Trott,Lawyer,"University of Michigan (BA)
Duke University (JD)",2015,Birmingham,1960,0,0,0,0,58
Michigan 12,Debbie Dingell,Lobbyist,"Georgetown University (BS, MS)",2015,Dearborn,1953,1,0,0,0,65
Michigan 13,,,,,,,,,,,2018
Michigan 14,Brenda Lawrence,Mayor of Southfield,"University of Detroit Mercy
Central Michigan University (BA)",2015,Southfield,1954,1,1,0,0,64
Minnesota 1,Tim Walz,"Army National Guard Command Sergeant Major
teacher","Chadron State College (BS)
Minnesota State University, Mankato (MS)",2007,Mankato,1964,0,0,0,0,54
Minnesota 2,Jason Lewis,Radio show host,"University of Northern Iowa (BA)
University of Colorado Denver (MA)",2017,Woodbury,1955,0,0,0,0,63
Minnesota 3,Erik Paulsen,Majority Leader of the Minnesota House of Representatives,St. Olaf College (BA),2009,Eden Prairie,1965,0,0,0,0,53
Minnesota 4,Betty McCollum,"North St. Paul City Council
Minnesota House of Representatives",St. Catherine University (BA),2001,Saint Paul,1954,1,0,0,0,64
Minnesota 5,Keith Ellison,Minnesota House of Representatives,"Wayne State University (BA)
University of Minnesota (JD)",2007,Minneapolis,1963,0,1,0,0,55
Minnesota 6,Tom Emmer,Minnesota House of Representatives,"Boston College
University of Alaska Fairbanks (BA)
William Mitchell College of Law (JD)",2015,Delano,1961,0,0,0,0,57
Minnesota 7,Collin Peterson,"Certified Public Accountant
Minnesota Senate",Minnesota State University Moorhead (BA),1991,Moorhead,1944,0,0,0,0,74
Minnesota 8,Rick Nolan,"Minnesota House of Representatives
U.S. House
businessman","St. John’s University, Minnesota
University of Minnesota (BA)
University of Maryland, College Park
St. Cloud State University",2013,Crosby,1943,0,0,0,0,75
Mississippi 1,Trent Kelly,"District attorney, Tupelo, city prosecutor, Army National Guard Colonel","East Central Community College
University of Mississippi (BA, JD)
United States Army War College (MA)",2015,Saltillo,1966,0,0,0,0,52
Mississippi 2,Bennie Thompson,"alderman, mayor of Bolton, Hinds County Board of Supervisors","Tougaloo College (BA)
Jackson State University (MS)",1993,Bolton,1948,0,1,0,0,70
Mississippi 3,Gregg Harper,"Attorney, Rankin County Republican Party Chair","Mississippi College (BS)
University of Mississippi (JD)",2009,Brandon,1956,0,0,0,0,62
Mississippi 4,Steven Palazzo,Mississippi House of Representatives,"University of Southern Mississippi (BA, MPA)",2011,Gulfport,1970,0,0,0,0,48
Missouri 1,Lacy Clay,"Missouri Senate, Missouri House of Representatives","University of Maryland, College Park (BA)",2001,St. Louis,1956,0,1,0,0,62
Missouri 2,Ann Wagner,U.S. Ambassador to Luxembourg,University of Missouri (BS),2013,Ballwin,1962,1,0,0,0,56
Missouri 3,Blaine Luetkemeyer,"Missouri House of Representatives, State Tourism Director","Lincoln University, Missouri (BA)",2009,St. Elizabeth,1952,0,0,0,0,66
Missouri 4,Vicky Hartzler,Missouri House of Representatives,"University of Missouri (BS)
University of Central Missouri (MS)",2011,Harrisonville,1960,1,0,0,0,58
Missouri 5,Emanuel Cleaver,"Mayor of Kansas City, pastor, radio show host","Prairie View A&M University (BS)
Saint Paul School of Theology (MDiv)",2005,Kansas City,1944,0,1,0,0,74
Missouri 6,Sam Graves,Missouri Senate,University of Missouri (BS),2001,Tarkio,1963,0,0,0,0,55
Missouri 7,Billy Long,auctioneer,University of Missouri,2011,Springfield,1955,0,0,0,0,63
Missouri 8,Jason T. Smith,Missouri House of Representatives,"University of Missouri (BS)
Oklahoma City University (JD)",2013,Salem,1980,0,0,0,0,38
Montana at large,Greg Gianforte,business owner,"Stevens Institute of Technology (BS, MS)",2017,Bozeman,1961,0,0,0,0,57
Nebraska 1,Jeff Fortenberry,"Lincoln city council, businessman","Louisiana State University (BA)
Georgetown University (MPP)
Franciscan University (ThM)",2005,Lincoln,1960,0,0,0,0,58
Nebraska 2,Don Bacon,U.S. Air Force Brigadier General,"Northern Illinois University (BA)
University of Phoenix (MBA)
National Defense University (MA)",2017,Papillion,1963,0,0,0,0,55
Nebraska 3,Adrian Smith,"Gering City Council, Nebraska Legislature","Liberty University
University of Nebraska–Lincoln (BA)",2007,Gering,1970,0,0,0,0,48
Nevada 1,Dina Titus,"U.S. House, Nevada Senate","College of William & Mary (BA)
University of Georgia (MA)
Florida State University (PhD)",2013,Las Vegas,1950,1,0,0,0,68
Nevada 2,Mark Amodei,"Nevada Senate, Nevada Assembly","University of Nevada, Reno (BA)
University of the Pacific (JD)",2011,Carson City,1958,0,0,0,0,60
Nevada 3,Jacky Rosen,software developer,University of Minnesota (BA),2017,Henderson,1957,1,0,0,0,61
Nevada 4,Ruben Kihuen,"Nevada Assembly, Nevada Senate","College of Southern Nevada
University of Nevada, Las Vegas (BS)
University of Oklahoma",2017,Las Vegas,1980,0,0,0,0,38
New Hampshire 1,Carol Shea-Porter,U.S. House,"University of New Hampshire (BA, MPA)",2017,Rochester,1952,1,0,0,0,66
New Hampshire 2,Ann McLane Kuster,"Attorney, lobbyist","Dartmouth College (BA)
Georgetown University (JD)",2013,Hopkinton,1956,1,0,0,0,62
New Jersey 1,Donald Norcross,"New Jersey Senate, New Jersey General Assembly",Camden County College,2014,Camden,1958,0,0,0,0,60
New Jersey 2,Frank LoBiondo,New Jersey General Assembly,Saint Joseph's University (BA),1995,Bridgeton,1946,0,0,0,0,72
New Jersey 3,Tom MacArthur,Mayor of Randolph,Hofstra University (BA),2015,Toms River,1960,0,0,0,0,58
New Jersey 4,Chris Smith,Retail executive,The College of New Jersey (BS),1981,Hamilton Township,1953,0,0,0,0,65
New Jersey 5,Josh Gottheimer,"Lawyer, political aide","University of Pennsylvania (BA)
Pembroke College, Oxford
Harvard University (JD)",2017,Wyckoff,1975,0,0,0,0,43
New Jersey 6,Frank Pallone,"Long Branch city council, New Jersey Senate","Middlebury College (BA)
Tufts University (MA)
Rutgers University–Camden (JD)",1988,New Brunswick,1951,0,0,0,0,67
New Jersey 7,Leonard Lance,"New Jersey Senate, New Jersey General Assembly","Lehigh University (BA)
Vanderbilt University (JD)
Princeton University (MPA)",2009,Clinton Township,1952,0,0,0,0,66
New Jersey 8,Albio Sires,"Mayor of West New York, Speaker of the New Jersey General Assembly","Saint Peter's University (BA)
Middlebury College (MA)",2006,West New York,1951,0,0,0,0,67
New Jersey 9,Bill Pascrell,"New Jersey General Assembly, Mayor of Paterson","Fordham University (BA, MA)",1997,Paterson,1937,0,0,0,0,81
New Jersey 10,Donald Payne Jr.,"Newark Municipal Council, Essex County Freeholder",Kean University,2012,Newark,1958,0,1,0,0,60
New Jersey 11,Rodney Frelinghuysen,New Jersey General Assembly,"Hobart College (BA)
Trinity College, Connecticut",1995,Harding Township,1946,0,0,0,0,72
New Jersey 12,Bonnie Watson Coleman,New Jersey General Assembly Majority Leader,"Rutgers University
Thomas Edison State University (BA)",2015,Ewing Township,1945,1,1,0,0,73
New Mexico 1,Michelle Lujan Grisham,"Bernalillo County Commissioner, New Mexico Secretary of Health, Director of New Mexico Agency on Aging","University of New Mexico (BS, JD)",2013,Albuquerque,1959,1,0,1,0,59
New Mexico 2,Steve Pearce,"U.S. House, New Mexico House of Representatives","New Mexico State University (BBA)
Eastern New Mexico University (MBA)",2011,Hobbs,1947,0,0,0,0,71
New Mexico 3,Ben Luján,New Mexico Public Regulation Commissioner,"University of New Mexico
New Mexico Highlands University (BA)",2009,Santa Fe,1972,0,0,1,0,46
New York 1,Lee Zeldin,New York Senate,"University at Albany, SUNY (BA)
Union University, New York (JD)",2015,Shirley,1980,0,0,0,0,38
New York 2,Peter King,"Hempstead Town Council, Nassau County Comptroller","St. Francis College (BA)
University of Notre Dame (JD)",1993,Seaford,1944,0,0,0,0,74
New York 3,Thomas Suozzi,"County Executive of Nassau County, Mayor of Glen Cove, New York","Boston College (BA)
Fordham University (JD)",2017,Glen Cove,1962,0,0,0,0,56
New York 4,Kathleen Rice,Nassau County District Attorney,"Catholic University (BA)
Touro College (JD)",2015,Garden City,1965,1,0,0,0,53
New York 5,Gregory Meeks,New York State Assembly,"Adelphi University (BA)
Howard University (JD)",1998,Jamaica,1953,0,1,0,0,65
New York 6,Grace Meng,New York State Assembly,"University of Michigan (BA)
Yeshiva University (JD)",2013,Flushing,1975,1,0,0,1,43
New York 7,Nydia Velázquez,"Director, Dept. of Puerto Rican Community Affairs","University of Puerto Rico, Río Piedras (BA)
New York University (MA)",1993,Sunset Park,1953,1,0,1,0,65
New York 8,Hakeem Jeffries,New York State Assembly,"Binghamton University (BA)
Georgetown University (MPP)
New York University (JD)",2013,Prospect Heights,1970,0,1,0,0,48
New York 9,Yvette Clarke,New York City Council,"Oberlin College
Medgar Evers College",2007,Flatbush,1964,1,1,0,0,54
New York 10,Jerrold Nadler,New York State Assembly,"Columbia University (BA)
Fordham University (JD)",1992,Chelsea,1947,0,0,0,0,71
New York 11,Dan Donovan,Richmond County District Attorney,"St. John's University, New York (BA)
Fordham University (JD)",2015,Great Kills,1956,0,0,0,0,62
New York 12,Carolyn Maloney,New York City Council,Greensboro College (BA),1993,East Harlem,1946,1,0,0,0,72
New York 13,Adriano Espaillat,"New York State Senate, New York State Assembly","Queens College, City University of New York (BA)",2017,Inwood,1954,0,1,1,0,64
New York 14,Joseph Crowley,New York State Assembly,"Queens College, City University of New York (BA)",1999,Throggs Neck,1962,0,0,0,0,56
New York 15,José Serrano,New York State Assembly,Lehman College,1990,Concourse,1943,0,0,1,0,75
New York 16,Eliot Engel,"high school teacher, New York State Assembly","Lehman College (BA, MA)
New York Law School (JD)",1989,Riverdale,1947,0,0,0,0,71
New York 17,Nita Lowey,New York Assistant Secretary of State,Mount Holyoke College (BA),1989,Harrison,1937,1,0,0,0,81
New York 18,Sean Patrick Maloney,Attorney,"Georgetown University
University of Virginia (BA, JD)",2013,Carmel,1966,0,0,0,0,52
New York 19,John Faso,New York State Assembly,"State University of New York, Brockport (BS)
Georgetown University (JD)",2017,Kinderhook,1952,0,0,0,0,66
New York 20,Paul Tonko,New York State Assembly,Clarkson University (BS),2009,Amsterdam,1949,0,0,0,0,69
New York 21,Elise Stefanik,"Civil servant, Political activist",Harvard University (BA),2015,Willsboro,1984,1,0,0,0,34
New York 22,Claudia Tenney,New York State Assembly,"Colgate University (BA)
University of Cincinnati (JD)",2017,New Hartford,1961,1,0,0,0,57
New York 23,Tom Reed,Mayor of Corning,"Alfred University (BA)
Ohio Northern University (JD)",2010,Corning,1971,0,0,0,0,47
New York 24,John Katko,"Attorney, Prosecutor U.S. Attorney's Office","Niagara University (BA)
Syracuse University (JD)",2015,Camillus,1962,0,0,0,0,56
New York 25,,,,,,,,,,,2018
New York 26,Brian Higgins,"Buffalo Common Council, New York State Assembly","Buffalo State College (BA, MA)
Harvard University (MPA)",2005,Buffalo,1959,0,0,0,0,59
New York 27,Chris Collins,Erie County Executive,"North Carolina State University (BS)
University of Alabama at Birmingham (MBA)",2013,Clarence,1950,0,0,0,0,68
North Carolina 1,G. K. Butterfield,North Carolina Supreme Court Justice,"North Carolina Central University (BA, JD)",2004,Wilson,1947,0,0,0,0,71
North Carolina 2,George Holding,U.S. Attorney for Eastern North Carolina,"Wake Forest University (BA, JD)",2013,Raleigh,1968,0,0,0,0,50
North Carolina 3,Walter Jones,North Carolina House of Representatives,Barton College (BA),1995,Farmville,1943,0,0,0,0,75
North Carolina 4,David Price,college professor,"Mars Hill University
University of North Carolina at Chapel Hill (BA)
Yale University (BDiv, PhD)",1997,Chapel Hill,1940,0,0,0,0,78
North Carolina 5,Virginia Foxx,North Carolina Senate,"University of North Carolina at Chapel Hill (BA)
University of North Carolina at Greensboro (MA, EdD)",2005,Banner Elk,1943,1,0,0,0,75
North Carolina 6,Mark Walker,Southern Baptist pastor,"Trinity Baptist College
Piedmont International University (BA)",2015,Greensboro,1969,0,0,0,0,49
North Carolina 7,David Rouzer,North Carolina Senate,North Carolina State University (BS),2015,McGee Crossroads,1972,0,0,0,0,46
North Carolina 8,Richard Hudson,Businessman,University of North Carolina at Charlotte (BA),2013,Concord,1971,0,0,0,0,47
North Carolina 9,Robert Pittenger,North Carolina Senate,University of Texas at Austin (BA),2013,Charlotte,1948,0,0,0,0,70
North Carolina 10,Patrick McHenry,North Carolina House of Representatives,"North Carolina State University
Belmont Abbey College (BA)",2005,Cherryville,1975,0,0,0,0,43
North Carolina 11,Mark Meadows,Businessman,"Florida State University
University of South Florida (BA)",2013,Cashiers,1959,0,0,0,0,59
North Carolina 12,Alma Adams,North Carolina House of Representatives,"North Carolina A&T State University (BS, MS)
Ohio State University (PhD)",2014,Charlotte,1946,1,1,0,0,72
North Carolina 13,Ted Budd,Businessman,"Appalachian State University (BS)
Dallas Theological Seminary (MA)
Wake Forest University (MBA)",2017,Advance,1971,0,0,0,0,47
North Dakota at large,Kevin Cramer,North Dakota Public Service Commissioner,"Concordia College, Minnesota (BA)
University of Mary (MA)",2013,Bismarck,1961,0,0,0,0,57
Ohio 1,Steve Chabot,"Cincinnati City Council, Hamilton County Commissioner, U.S. House","College of William & Mary (BA)
Northern Kentucky University (JD)",2011,Cincinnati,1953,0,0,0,0,65
Ohio 2,Brad Wenstrup,Physician,"University of Cincinnati (BA)
Rosalind Franklin University (BS, DPM)",2013,Cincinnati,1958,0,0,0,0,60
Ohio 3,Joyce Beatty,Ohio House of Representatives,"Central State University (BA)
Wright State University (MS)
University of Cincinnati",2013,Columbus,1950,1,1,0,0,68
Ohio 4,Jim Jordan,"Ohio Senate, Ohio House of Representatives","University of Wisconsin–Madison (BS)
Ohio State University (MA)
Capital University (JD)",2007,Lima,1964,0,0,0,0,54
Ohio 5,Bob Latta,"Wood County Commissioner, Ohio House of Representatives, Ohio Senate","Bowling Green State University (BA)
University of Toledo (JD)",2007,Bowling Green,1956,0,0,0,0,62
Ohio 6,Bill Johnson,United States Air Force,"Troy University (BS)
Georgia Institute of Technology (MS)",2011,Marietta,1954,0,0,0,0,64
Ohio 7,Bob Gibbs,"Ohio Senate, Ohio House of Representatives","Ohio State University, Wooster",2011,"Washington Township, Holmes County",1954,0,0,0,0,64
Ohio 8,Warren Davidson,Businessman,"United States Military Academy (BS)
University of Notre Dame (MBA)",2016,Troy,1970,0,0,0,0,48
Ohio 9,Marcy Kaptur,"Domestic Policy Advisor, Carter Adm.","University of Wisconsin–Madison (BA)
University of Michigan (MUP)
Massachusetts Institute of Technology",1983,Toledo,1946,1,0,0,0,72
Ohio 10,Mike Turner,Mayor of Dayton,"Ohio Northern University (BA)
Case Western Reserve University (JD)
University of Dayton (MBA)",2003,Dayton,1960,0,0,0,0,58
Ohio 11,Marcia Fudge,Mayor of Warrensville Heights,"Ohio State University (BS)
Cleveland State University (JD)",2008,Cleveland,1952,1,1,0,0,66
Ohio 12,Troy Balderson,Ohio Senate,"Muskingum University, Ohio State University",2018,Zanesville,1962,0,0,0,0,56
Ohio 13,Tim Ryan,Ohio Senate,"Youngstown State University
Bowling Green State University (BA)
University of New Hampshire, Concord (JD)",2003,Niles,1973,0,0,0,0,45
Ohio 14,David Joyce,Geauga County Prosecutor,"University of Dayton (BS, JD)",2013,Richmond Heights,1957,0,0,0,0,61
Ohio 15,Steve Stivers,Ohio Senate,"Ohio State University (BA, MBA)
United States Army War College (MA)",2011,Columbus,1965,0,0,0,0,53
Ohio 16,Jim Renacci,"businessman, Mayor of Wadsworth",Indiana University of Pennsylvania (BS),2011,Wadsworth,1958,0,0,0,0,60
Oklahoma 1,,,,,,,,,,,2018
Oklahoma 2,Markwayne Mullin,Businessman,"Missouri Valley College
Oklahoma State University, Okmulgee",2013,Westville,1977,0,0,0,0,41
Oklahoma 3,Frank Lucas,Oklahoma House of Representatives,Oklahoma State University–Stillwater (BS),1994,Enid,1960,0,0,0,0,58
Oklahoma 4,Tom Cole,"Oklahoma Senate, Oklahoma Secretary of State, college professor","Grinnell College (BA)
Yale University (MA)
University of Oklahoma (PhD)",2003,Moore,1949,0,0,0,0,69
Oklahoma 5,Steve Russell,"Oklahoma Senate, U. S. Army Lieutenant Colonel","Ouachita Baptist University (BA)
United States Army Command and General Staff College (MMAS)",2015,Oklahoma City,1963,0,0,0,0,55
Oregon 1,Suzanne Bonamici,"Oregon House of Representatives, Oregon State Senate","Lane Community College
University of Oregon (BA, JD)",2012,Beaverton,1954,1,0,0,0,64
Oregon 2,Greg Walden,"Oregon House of Representatives, Oregon State Senate",University of Oregon (BS),1999,Hood River,1957,0,0,0,0,61
Oregon 3,Earl Blumenauer,"Oregon House of Representatives, Multnomah County Commissioner, Portland City Commissioner","Lewis & Clark College (BA, JD)",1996,Portland,1948,0,0,0,0,70
Oregon 4,Peter DeFazio,Lane County Commissioner,"Tufts University (BA)
University of Oregon (MA)",1987,Springfield,1947,0,0,0,0,71
Oregon 5,Kurt Schrader,"Veterinarian, Oregon State Senate","Cornell University (BA)
University of Illinois at Urbana–Champaign (BS, DVM)",2009,Canby,1951,0,0,0,0,67
Pennsylvania 1,Bob Brady,Congressional aide; Pennsylvania Turnpike Commission,–,1998,Philadelphia,1945,0,0,0,0,73
Pennsylvania 2,Dwight Evans,Pennsylvania House of Representatives,"Community College of Philadelphia
La Salle University (BA)",2016,Philadelphia,1954,0,1,0,0,64
Pennsylvania 3,Mike Kelly,businessman,University of Notre Dame (BA),2011,Butler,1948,0,0,0,0,70
Pennsylvania 4,Scott Perry,Pennsylvania House of Representatives,"Pennsylvania State University (BS)
United States Army War College (MS)",2013,Harrisburg,1962,0,0,0,0,56
Pennsylvania 5,Glenn Thompson,Centre County Republican Party Chair,"Pennsylvania State University (BS)
Temple University (MEd)",2009,Oil City,1959,0,0,0,0,59
Pennsylvania 6,Ryan Costello,"Chester County Board of Commissioners, Chester County Recorder of Deeds","Ursinus College (BA)
Villanova University (JD)",2015,West Chester,1976,0,0,0,0,42
Pennsylvania 7,,,,,,,,,,,2018
Pennsylvania 8,Brian Fitzpatrick,FBI operative,"La Salle University (BS)
Pennsylvania State University (MBA)
Pennsylvania State University, Carlisle (JD)",2017,Levittown,1973,0,0,0,0,45
Pennsylvania 9,Bill Shuster,Businessman,"Dickinson College (BA)
American University (MBA)",2001,Altoona,1961,0,0,0,0,57
Pennsylvania 10,Tom Marino,"Lycoming County District Attorney, U.S. Attorney for the Middle District of Pennsylvania","Pennsylvania College of Technology
Lycoming College (BA)
Dickinson School of Law (JD)",2011,Williamsport,1952,0,0,0,0,66
Pennsylvania 11,Lou Barletta,Mayor of Hazleton,"Luzerne County Community College
Bloomsburg University",2011,Hazleton,1956,0,0,0,0,62
Pennsylvania 12,Keith Rothfus,Attorney,"Buffalo State College (BS)
University of Notre Dame (JD)",2013,Oakmont,1962,0,0,0,0,56
Pennsylvania 13,Brendan F. Boyle,Pennsylvania House of Representatives,"University of Notre Dame (BA)
Harvard University (MPP)",2015,Philadelphia,1977,0,0,0,0,41
Pennsylvania 14,Michael Doyle,State Senator Chief of Staff,Pennsylvania State University (BS),1995,Pittsburgh,1953,0,0,0,0,65
Pennsylvania 15,,,,,,,,,,,2018
Pennsylvania 16,Lloyd Smucker,Pennsylvania Senate,"Lebanon Valley College
Franklin & Marshall College",2017,West Lampeter Township,1964,0,0,0,0,54
Pennsylvania 17,Matt Cartwright,Attorney,"Hamilton College, New York (BA)
University of Pennsylvania (JD)",2013,Moosic,1961,0,0,0,0,57
Pennsylvania 18,Conor Lamb,Assistant U.S. Attorney,"University of Pennsylvania (BA, JD)",2018,Mt. Lebanon,1984,0,0,0,0,34
Rhode Island 1,David Cicilline,"Mayor of Providence, Rhode Island House of Representatives","Brown University (BA)
Georgetown University (JD)",2011,Providence,1961,0,0,0,0,57
Rhode Island 2,Jim Langevin,"Secretary of State of Rhode Island, Rhode Island House of Representatives","Rhode Island College (BA)
Harvard University (MPA)",2001,Warwick,1964,0,0,0,0,54
South Carolina 1,Mark Sanford,"U.S. House (1995-2001), Governor of South Carolina","Furman University (BA)
University of Virginia (MBA)",2013,Charleston,1960,0,0,0,0,58
South Carolina 2,Joe Wilson,South Carolina Senate,"Washington and Lee University (BA)
University of South Carolina (JD)",2001,"Columbia suburbs, West Columbia",1947,0,0,0,0,71
South Carolina 3,Jeff Duncan,South Carolina House of Representatives,Clemson University (BA),2011,Laurens,1966,0,0,0,0,52
South Carolina 4,Trey Gowdy,7th Circuit Solicitor,"Baylor University (BA)
University of South Carolina (JD)",2011,Greenville,1964,0,0,0,0,54
South Carolina 5,Ralph Norman,"Real estate developer, South Carolina House of Representatives",Presbyterian College (BS),2017,Rock Hill,1953,0,0,0,0,65
South Carolina 6,Jim Clyburn,"Political aide, teacher",South Carolina State University (BA),1993,Columbia,1940,0,1,0,0,78
South Carolina 7,Tom Rice,"Attorney, businessman, Horry County Council Chair","University of South Carolina (BS, MA, JD)",2013,Myrtle Beach,1957,0,0,0,0,61
South Dakota at large,Kristi Noem,South Dakota House of Representatives,"Northern State University
Mount Marty College
South Dakota State University (BA)",2011,Castlewood,1971,1,0,0,0,47
Tennessee 1,Phil Roe,"OB/GYN, Mayor of Johnson City","Austin Peay State University (BS)
University of Tennessee (MD)",2009,Johnson City,1945,0,0,0,0,73
Tennessee 2,Jimmy Duncan,state court judge,"University of Tennessee (BA)
George Washington University (JD)",1988,Knoxville,1947,0,0,0,0,71
Tennessee 3,Chuck Fleischmann,attorney,"University of Illinois at Urbana–Champaign (BA)
University of Tennessee (JD)",2011,Ooltewah,1962,0,0,0,0,56
Tennessee 4,Scott DesJarlais,Physician,"University of South Dakota (BS, MD)",2011,South Pittsburg,1964,0,0,0,0,54
Tennessee 5,Jim Cooper,"U.S. House, college professor","University of North Carolina at Chapel Hill (BA)
Oriel College, Oxford (MA)
Harvard University (JD)",2003,Nashville,1954,0,0,0,0,64
Tennessee 6,Diane Black,"Tennessee House of Representatives, Tennessee Senate","Anne Arundel Community College
Belmont University (BS)",2011,Gallatin,1951,1,0,0,0,67
Tennessee 7,Marsha Blackburn,Tennessee Senate,Mississippi State University (BS),2003,Brentwood,1952,1,0,0,0,66
Tennessee 8,David Kustoff,Attorney for the United States District Court for the Western District of Tennessee,"University of Memphis (BA, JD)",2017,Memphis,1966,0,0,0,0,52
Tennessee 9,Steve Cohen,"Tennessee Senate, Attorney","Vanderbilt University (BA)
University of Memphis (JD)",2007,Memphis,1949,0,0,0,0,69
Texas 1,Louie Gohmert,Texas appeals court judge,"Texas A&M University (BA)
Baylor University (JD)",2005,Tyler,1953,0,0,0,0,65
Texas 2,Ted Poe,Texas state district judge,"Abilene Christian University (BA)
University of Houston (JD)",2005,Humble,1948,0,0,0,0,70
Texas 3,Sam Johnson,"Texas House of Representatives, Colonel United States Air Force","Southern Methodist University (BA)
George Washington University (MS)",1991,Plano,1930,0,0,0,0,88
Texas 4,John Ratcliffe,"Mayor of Heath, U.S. Attorney for Eastern District of Texas","University of Notre Dame (BA)
Southern Methodist University (JD)",2015,Heath,1965,0,0,0,0,53
Texas 5,Jeb Hensarling,energy executive,"Texas A&M University (BA)
University of Texas at Austin (JD)",2003,Dallas,1957,0,0,0,0,61
Texas 6,Joe Barton,oil industry consultant,"Texas A&M University (BS)
Purdue University (MS)",1985,Arlington,1949,0,0,0,0,69
Texas 7,John Culberson,Texas House of Representatives,"Southern Methodist University (BA)
South Texas College of Law (JD)",2001,Houston,1956,0,0,0,0,62
Texas 8,Kevin Brady,Texas House of Representatives,University of South Dakota (BA),1997,The Woodlands,1955,0,0,0,0,63
Texas 9,Al Green,"Harris County Justice of the Peace, Houston NAACP president","Florida A&M University
Tuskeegee University (BA)
Texas Southern University (JD)",2005,Houston,1947,0,1,0,0,71
Texas 10,Michael McCaul,"Attorney, federal prosecutor","Trinity University (BA)
St. Mary's University, Texas (JD)",2005,West Lake Hills,1962,0,0,0,0,56
Texas 11,Mike Conaway,oil exploration executive,Texas A&M University–Commerce (BA),2005,Midland,1948,0,0,0,0,70
Texas 12,Kay Granger,Mayor of Fort Worth,Texas Wesleyan University (BA),1997,Fort Worth,1943,1,0,0,0,75
Texas 13,Mac Thornberry,"Rancher, attorney","Texas Tech University (BA)
University of Texas at Austin (JD)",1995,Clarendon,1958,0,0,0,0,60
Texas 14,Randy Weber,"Texas House of Representatives, Pearland City Council","Alvin Community College
University of Houston–Clear Lake (BS)",2013,Alvin,1953,0,0,0,0,65
Texas 15,Vicente González,"food processing executive, Texas State Board of Education","Embry–Riddle Aeronautical University (BA)
Texas Wesleyan University (JD)",2017,McAllen,1967,0,0,1,0,51
Texas 16,Beto O'Rourke,El Paso City Councilman,Columbia University (BA),2013,El Paso,1972,0,0,0,0,46
Texas 17,Bill Flores,businessman,"Texas A&M University (BA)
Houston Baptist University
(MBA)",2011,Bryan,1954,0,0,0,0,64
Texas 18,Sheila Jackson Lee,"Houston City Council, municipal judge","Yale University (BA)
University of Virginia (JD)",1995,Houston,1950,1,1,0,0,68
Texas 19,Jodey Arrington,"Educator, public administrator, White House aide","Texas Tech University (BA, MPA)",2017,Lubbock,1972,0,0,0,0,46
Texas 20,Joaquín Castro,Texas House of Representatives,"Stanford University (BA)
Harvard University (JD)",2013,San Antonio,1974,0,0,1,0,44
Texas 21,Lamar Smith,"Bexar County Commissioner, Texas House of Representatives","Yale University (BA)
Southern Methodist University (JD)",1987,San Antonio,1947,0,0,0,0,71
Texas 22,Pete Olson,Congressional aide,"Rice University (BA)
University of Texas at Austin (JD)",2009,Sugar Land,1962,0,0,0,0,56
Texas 23,Will Hurd,"Corporate adviser, former CIA operative",Texas A&M University (BS),2015,Helotes,1977,0,1,0,0,41
Texas 24,Kenny Marchant,"Mayor of Carrolton, Texas House of Representatives","Southern Nazarene University (BA)
Nazarene Theological Seminary",2005,Coppell,1951,0,0,0,0,67
Texas 25,Roger Williams,Secretary of State of Texas,Texas Christian University (BA),2013,Weatherford,1949,0,0,0,0,69
Texas 26,Michael Burgess,Physician,"University of North Texas (BS, MS)
University of Texas, Houston (MD)
University of Texas at Dallas (MS)",2003,Lewisville,1950,0,0,0,0,68
Texas 27,Michael Cloud,Chair of the Victoria County Republican Party,Oral Roberts University (BS),2018,Victoria,1975,0,0,0,0,43
Texas 28,Henry Cuellar,"Texas House of Representatives, Texas Secretary of State","Laredo Community College
Georgetown University (BA)
University of Texas at Austin (JD, PhD)
Texas A&M International University (MA)",2005,Laredo,1955,0,0,1,0,63
Texas 29,Gene Green,"Texas House of Representatives, Texas Senate","University of Houston (BA, JD)",1993,Houston,1947,0,0,0,0,71
Texas 30,Eddie Johnson,"Texas Senate, nurse","St Mary's College, Indiana
Texas Christian University (BS)
Southern Methodist University (MPA)",1993,Dallas,1935,1,1,0,0,83
Texas 31,John Carter,Texas state district judge,"Texas Tech University (BA)
University of Texas at Austin (JD)",2003,Round Rock,1941,0,0,0,0,77
Texas 32,Pete Sessions,marketing executive,Southwestern University (BS),1997,Dallas,1955,0,0,0,0,63
Texas 33,Marc Veasey,Texas House of Representatives,Texas Wesleyan University (BA),2013,Fort Worth,1971,0,1,0,0,47
Texas 34,Filemon Vela Jr.,Attorney,"Georgetown University (BA)
University of Texas at Austin (JD)",2013,Brownsville,1963,0,0,1,0,55
Texas 35,Lloyd Doggett,"Texas Senate, Texas Supreme Court justice, college professor","University of Texas at Austin (BA, JD)",1995,Austin,1946,0,0,0,0,72
Texas 36,Brian Babin,"Lower Neches Valley Authority, Texas Historical Commission, Mayor of Woodville","Lamar University (BS)
University of Texas, Houston (DDS)",2015,Woodville,1948,0,0,0,0,70
Utah 1,Rob Bishop,"Speaker of the Utah House of Representatives, Utah Republican Party Chair",University of Utah (BA),2003,Brigham City,1951,0,0,0,0,67
Utah 2,Chris Stewart,"Author, businessman",Utah State University (BA),2013,Farmington,1960,0,0,0,0,58
Utah 3,John Curtis,Mayor of Provo,Brigham Young University (BS),2017,Provo,1960,0,0,0,0,58
Utah 4,Mia Love,Mayor of Saratoga Springs,University of Hartford (BFA),2015,Saratoga Springs,1975,1,1,0,0,43
Vermont at large,Peter Welch,Vermont Senate President Pro Tempore,"College of the Holy Cross (BA)
University of California, Berkeley (JD)",2007,Norwich,1947,0,0,0,0,71
Virginia 1,Rob Wittman,"Mayor of Montross, Westmoreland County Board of Supervisors, Virginia House of Delegates","Virginia Tech (BS)
University of North Carolina at Chapel Hill (MPH)
Virginia Commonwealth University (PhD)",2007,Montross,1959,0,0,0,0,59
Virginia 2,Scott Taylor,Virginia House of Delegates,"Old Dominion University
Harvard University (BLA)",2017,Virginia Beach,1979,0,0,0,0,39
Virginia 3,Bobby Scott,"Virginia Senate, Virginia House of Delegates","Harvard University (BA)
Boston College (JD)",1993,Newport News,1947,0,1,0,0,71
Virginia 4,Donald McEachin,"Virginia Senate, Virginia House of Delegates","American University (BA)
University of Virginia (JD)
Virginia Union University (MDiv)",2017,Henrico County,1961,0,1,0,0,57
Virginia 5,Tom Garrett Jr.,Virginia Senate,"University of Richmond (BA, JD)",2017,Buckingham County,1972,0,0,0,0,46
Virginia 6,Bob Goodlatte,Private legal practice,"Bates College (BA)
Washington and Lee University (JD)",1993,Roanoke,1952,0,0,0,0,66
Virginia 7,Dave Brat,Economics professor at Randolph–Macon College,"Hope College (BA)
Princeton Theological Seminary (MDiv)
American University (PhD)",2014,Glen Allen,1964,0,0,0,0,54
Virginia 8,Don Beyer,"U.S. Ambassador to Switzerland and Liechtenstein, Lieutenant Governor of Virginia",Williams College (BA),2015,Alexandria,1950,0,0,0,0,68
Virginia 9,Morgan Griffith,Majority Leader of the Virginia House of Delegates,"Emory and Henry College (BA)
Washington and Lee University (JD)",2011,Salem,1958,0,0,0,0,60
Virginia 10,Barbara Comstock,Virginia House of Delegates,"Middlebury College (BA)
Georgetown University (JD)",2015,McLean,1959,1,0,0,0,59
Virginia 11,Gerry Connolly,Fairfax County Board of Supervisors Chair,"Maryknoll College (BA)
Harvard University (MPA)",2009,Fairfax,1950,0,0,0,0,68
Washington 1,Suzan DelBene,Washington Department of Revenue Director,"Reed College (BS)
University of Washington (MBA)",2012,Medina,1962,1,0,0,0,56
Washington 2,Rick Larsen,Snohomish County Council,"Pacific Lutheran University (BA)
University of Minnesota (MPA)",2001,Lake Stevens,1965,0,0,0,0,53
Washington 3,Jaime Herrera Beutler,Washington House of Representatives,"Bellevue College
University of Washington (BA)",2011,Camas,1978,1,0,1,0,40
Washington 4,Dan Newhouse,Washington House of Representatives,Washington State University (BS),2015,Sunnyside,1955,0,0,0,0,63
Washington 5,Cathy McMorris Rodgers,Washington House of Representatives,"Pensacola Christian College (BA)
University of Washington (MBA)",2005,Colville,1969,1,0,0,0,49
Washington 6,Derek Kilmer,Washington State Senate,"Princeton University (BA)
University of Oxford (MA, PhD)",2013,Artondale,1974,0,0,0,0,44
Washington 7,Pramila Jayapal,Washington State Senate,"Georgetown University (BA)
Northwestern University (MBA)",2017,Seattle,1965,1,0,0,1,53
Washington 8,Dave Reichert,King County Sheriff,"Concordia University, Oregon",2005,Auburn,1950,0,0,0,0,68
Washington 9,Adam Smith,Washington State Senate,"Western Washington University
Fordham University (BA)
University of Washington (JD)",1997,Bellevue,1965,0,0,0,0,53
Washington 10,Dennis Heck,Washington House of Representatives,"Evergreen State College (BA)
Portland State University",2013,Olympia,1952,0,0,0,0,66
West Virginia 1,David McKinley,"West Virginia House of Delegates, businessman",Purdue University (BS),2011,Wheeling,1947,0,0,0,0,71
West Virginia 2,Alex Mooney,Maryland Senate,Dartmouth College (BA),2015,Charles Town,1971,0,0,0,0,47
West Virginia 3,,,,,,,,,,,2018
Wisconsin 1,Paul Ryan,Legislative Director,Miami University (BA),1999,Janesville,1970,0,0,0,0,48
Wisconsin 2,Mark Pocan,Wisconsin State Assembly,University of Wisconsin–Madison (BA),2013,Madison,1964,0,0,0,0,54
Wisconsin 3,Ron Kind,County Prosecutor,"Harvard University (BA)
London School of Economics
(MA)
University of Minnesota (JD)",1997,La Crosse,1963,0,0,0,0,55
Wisconsin 4,Gwen Moore,"Wisconsin State Senate, Wisconsin State Assembly",Marquette University (BA),2005,Milwaukee,1951,1,1,0,0,67
Wisconsin 5,Jim Sensenbrenner,"Wisconsin State Senate, Wisconsin State Assembly","Stanford University (BA)
University of Wisconsin–Madison (JD)",1979,Menomonee Falls,1943,0,0,0,0,75
Wisconsin 6,Glenn Grothman,"Wisconsin Senate, Wisconsin State Assembly","University of Wisconsin–Madison (BA, JD)",2015,Campbellsport,1955,0,0,0,0,63
Wisconsin 7,Sean Duffy,Ashland County District Attorney,"Saint Mary's University of Minnesota (BA)
William Mitchell College of Law (JD)",2011,Wausau,1971,0,0,0,0,47
Wisconsin 8,Mike Gallagher,Political advisor,"Princeton University (BA)
National Intelligence University (MS)
Georgetown University (MA, MS, PhD)",2017,Green Bay,1984,0,0,0,0,34
Wyoming at large,Liz Cheney,Principal Deputy Assistant Secretary of State For Near Eastern Affairs,"Colorado College (BA)
University of Chicago (JD)",2017,Jackson,1966,1,0,0,0,52